{
  "assetsByChunkName": {
    "vendors~app-account~app-confirmation~app-order": "chunk.9b0f36aaf21fc3fc38fb.js",
    "vendors~app-account~app-checkout": "chunk.3087645128a8872d3c89.js",
    "vendors~app-cart~app-checkout": "chunk.76626845287774946e7d.js",
    "admin": [
      "admin.c201a3ebba7f5af0046b.js",
      "admin.c201a3ebba7f5af0046b.js.map"
    ],
    "app-account": "chunk.d76250024d597f8a8531.js",
    "app-checkout": "chunk.4a8b7bf4cf790e164654.js",
    "app-confirmation": "chunk.efee93a03c55f4d42596.js",
    "checkout": [
      "checkout.fbcc8c2128f998742bc0.js",
      "checkout.fbcc8c2128f998742bc0.js.map"
    ],
    "storefront": [
      "storefront.f9157585252540d12d2d.css",
      "storefront.9fc4f34b1254a1dc5928.js",
      "storefront.f9157585252540d12d2d.css.map",
      "storefront.9fc4f34b1254a1dc5928.js.map"
    ],
    "vendors~app-cart": "chunk.1db47d776ee4c105222b.js",
    "vendors~app-order": "chunk.e38ea9fea3b0793dd0d0.js"
  }
}